{"payload": "O-Glyph 795: Shadow Merge\n", "size_kb": 0.025390625, "timestamp": 1777493847.2017677}